MonitoringLocationID,MonitoringLocationLatitude,MonitoringLocationLongitude,ActivityStartDate,Chloride,Dissolved oxygen (DO),"Temperature, water",Total suspended solids,Turbidity,pH,WQI,Rating
1,43.09,-82.392,2022-05-30,8.04,10.495000000000001,11.75,0.8,0.27,8.190000000000001,94.92,Good
1,43.09,-82.392,2022-09-21,8.065000000000001,8.795,21.0,0.2,0.8201206434316353,8.33,82.77,Good
1,43.09,-82.392,2024-08-26,8.085,8.655,22.0,0.7,0.24,8.36,73.25,Fair
1,43.313,-79.752,2022-04-19,29.1,11.75,4.0,0.1,0.15,8.24,94.99,Good
1,43.313,-79.752,2023-04-18,25.5,11.44,4.5,0.3,0.16,8.28,94.97,Good
1,44.718,-80.857,2022-06-06,7.462000000000001,11.258,7.5,0.2,0.09,8.078,94.98,Good
1,44.718,-80.857,2022-09-13,7.528333333333333,10.478333333333333,20.3,0.3,0.26,8.086666666666668,92.12,Good
1,44.718,-80.857,2024-09-08,7.81,10.018333333333333,19.5,0.3,0.19,8.104999999999999,94.97,Good
2,43.34,-79.665,2022-04-19,26.8,11.73,3.6,0.1,0.14,8.22,94.99,Good
2,43.34,-79.665,2023-04-13,26.3,11.06,4.0,0.2,0.17,8.24,94.98,Good
2,46.543,-84.748,2024-06-08,1.57,10.9675,10.0,0.6,0.24,8.03,94.94,Good
2,46.543,-84.748,2024-09-13,1.5783333333333334,10.1,18.0,0.5,0.13,7.845,94.95,Good
3,43.257,-82.038,2022-05-31,7.73,10.13,13.0,1.0,0.32,8.23,94.9,Good
3,43.257,-82.038,2022-09-21,8.13,8.8,21.0,0.7,0.28,8.36,82.74,Good
3,43.257,-82.038,2024-08-28,8.03,8.81,22.0,0.6,0.2,8.36,73.57,Fair
3,43.268,-79.62,2022-04-25,26.2,11.85,5.0,0.3,0.11,8.256666666666666,94.97,Good
3,43.268,-79.62,2022-08-10,23.66,9.49,22.5,0.6,0.4,8.251999999999999,70.25,Fair
3,43.268,-79.62,2023-04-13,24.733333333333334,11.303333333333333,5.0,0.2,0.12,8.22,94.98,Good
3,44.725,-80.617,2022-09-13,7.83,8.91,20.8,0.3,0.16,8.39,84.87,Good
3,44.725,-80.617,2024-09-09,7.79,8.81,18.5,0.5,0.21,8.25,91.98,Good
4,43.325,-81.788,2022-09-21,8.15,8.81,21.0,1.1,0.41,8.4,82.72,Good
4,43.325,-81.788,2024-08-28,8.08,8.9,22.0,0.8,0.34,8.37,73.74,Fair
4,44.646,-80.167,2022-06-05,7.802,10.916,12.5,0.3,0.15,8.040000000000001,94.97,Good
4,44.646,-80.167,2022-09-13,7.68,10.333333333333334,21.0,0.2,0.22,8.084999999999999,85.48,Good
4,44.646,-80.167,2024-09-09,7.924000000000001,9.648,19.0,0.4,0.16,8.074,94.08,Good
5,43.425,-79.658,2022-04-19,29.1,11.81,4.8,0.2,0.14,8.22,94.98,Good
5,43.425,-79.658,2023-04-18,27.4,11.36,5.0,0.5,0.23,8.29,94.95,Good
5,43.548,-81.745,2022-09-21,8.03,8.85,21.0,0.6,0.25,8.35,82.86,Good
5,43.548,-81.745,2024-08-28,8.08,8.88,21.5,0.4,0.34,8.3,78.34,Good
5,44.797,-80.243,2022-09-13,7.72,9.6,21.5,0.3,0.15,8.32,79.87,Good
5,44.797,-80.243,2024-09-09,8.14,8.71,19.0,0.6,0.18,8.53,91.72,Good
5,46.733,-84.793,2024-06-08,1.56,10.7,10.0,0.7,0.21,8.19,94.93,Good
5,46.733,-84.793,2024-09-13,1.59,9.34,19.0,0.5,0.1,8.06,93.3,Good
6,43.467,-79.53,2022-04-19,24.1,12.08,3.6,0.1,0.12,8.22,94.99,Good
6,43.467,-79.53,2023-04-18,26.0,11.49,4.5,0.4,0.14,8.28,94.96,Good
6,44.737,-80.435,2022-06-05,7.7,10.65,8.0,-0.1,0.09,8.09,95.01,Excellent
6,44.737,-80.435,2022-09-13,7.78,8.88,21.0,0.4,0.15,8.41,82.94,Good
6,44.737,-80.435,2024-09-09,8.05,8.8,18.5,0.4,0.17,8.27,91.96,Good
7,43.342,-82.507,2022-05-31,8.27,11.08,11.3,0.8,0.23,8.2,94.92,Good
7,43.342,-82.507,2022-09-21,8.12,9.12,20.0,0.5,0.34,8.32,92.75,Good
7,43.342,-82.507,2024-08-26,8.15,8.93,22.0,1.1,0.34,8.41,73.77,Fair
7,43.547,-79.488,2022-04-19,25.4,11.74,3.8,0.1,0.08,8.2,94.99,Good
7,43.547,-79.488,2023-04-18,31.2,11.33,4.8,0.3,0.18,8.24,94.97,Good
8,43.567,-82.485,2022-05-31,8.39,10.56,11.5,0.6,0.17,8.12,94.94,Good
8,43.567,-82.485,2022-09-20,8.17,8.74,21.5,0.3,0.2,8.35,78.05,Good
8,43.567,-82.485,2024-08-26,8.09,8.73,22.0,0.7,0.18,8.35,73.4,Fair
8,43.623,-79.453,2022-04-20,32.7,11.465,4.8,0.1,0.12,8.25,94.99,Good
8,43.623,-79.453,2023-04-18,41.03333333333333,11.04,6.5,0.4,0.32,8.200000000000001,94.96,Good
8,44.953,-80.149,2022-09-13,7.61,9.0,21.0,0.6,0.16,8.4,83.2,Good
8,44.953,-80.149,2024-09-09,8.15,8.98,18.5,0.6,0.21,8.25,92.39,Good
9,43.587,-79.395,2022-04-20,26.0,11.78,4.2,0.3,0.12,8.2,94.97,Good
9,43.633,-82.217,2022-05-31,7.390000000000001,10.638,6.5,0.2,0.11,8.05,94.98,Good
9,43.633,-82.217,2022-09-20,7.676666666666667,10.43,21.0,0.4,0.16,8.139999999999999,85.46,Good
9,43.633,-82.217,2024-08-27,7.863333333333333,10.681666666666667,22.0,0.4,0.14,8.238333333333333,75.97,Good
9,44.872,-79.968,2022-06-05,10.4975,10.4475,14.5,0.5,0.21,7.9975,94.95,Good
9,44.872,-79.968,2022-09-13,8.2725,9.594999999999999,21.0,0.6,0.38,8.0925,84.53,Good
9,44.872,-79.968,2024-09-10,10.05,8.765,18.5,0.8,0.36,8.205,91.83,Good
10,43.668,-79.267,2022-04-20,25.6,11.79,4.0,0.3,0.12,8.21,94.97,Good
10,43.668,-79.267,2023-04-18,28.2,11.35,4.5,0.4,0.21,8.23,94.96,Good
10,43.753,-81.782,2022-09-21,8.11,8.85,21.0,0.5,0.26,8.4,82.87,Good
10,43.753,-81.782,2024-08-28,8.05,8.83,21.5,0.3,0.14,8.37,78.24,Good
11,43.585,-79.312,2022-04-20,23.7,11.87,3.5,0.0,0.12,8.22,95.0,Excellent
11,43.957,-81.787,2022-09-21,8.06,8.95,21.0,0.5,0.18,8.43,83.09,Good
11,43.957,-81.787,2024-08-28,7.99,9.0,22.0,0.3,0.16,8.41,73.98,Fair
11,44.921,-80.606,2022-06-06,7.59,11.19,7.5,0.2,0.09,8.03,94.98,Good
11,44.921,-80.606,2022-09-13,7.57,8.99,20.5,0.3,0.13,8.37,87.82,Good
11,44.921,-80.606,2024-09-09,8.0,9.06,18.0,0.4,0.19,8.25,92.61,Good
11,47.31,-84.658,2024-06-18,1.53,10.46,10.0,0.5,0.16,8.08,94.95,Good
11,47.31,-84.658,2024-09-23,1.57,9.36,18.0,0.4,0.13,7.91,93.36,Good
12,43.503,-79.353,2022-04-25,23.18,11.724,4.8,0.2,0.13,8.190000000000001,94.98,Good
12,43.503,-79.353,2022-08-12,23.32,10.78,19.5,1.0,0.29,8.234,94.9,Good
12,43.89,-82.057,2022-09-21,7.96,8.85,21.0,0.3,0.15,8.36,82.89,Good
12,43.89,-82.057,2024-08-30,8.02,8.96,21.5,0.3,0.12,8.33,78.51,Good
12,44.92,-80.875,2022-09-13,7.62,8.99,20.5,0.3,0.18,8.37,87.82,Good
12,44.92,-80.875,2024-09-08,7.84,8.92,18.5,0.6,0.16,8.26,92.24,Good
12,47.037,-85.103,2024-06-08,1.57,10.76,6.5,0.6,0.14,8.27,94.94,Good
12,47.037,-85.103,2024-09-13,1.58,9.46,17.0,0.4,0.13,8.01,93.61,Good
13,43.417,-79.4,2022-04-25,23.1,11.57,5.0,0.1,0.11,8.15,94.99,Good
13,43.417,-79.4,2023-04-06,14.200872619433447,10.043194232952647,13.90872,0.1,0.8201206434316353,8.262768674136321,94.99,Good
13,43.753,-82.568,2022-05-31,8.5,11.06,11.5,0.5,0.22,8.22,94.95,Good
13,43.753,-82.568,2022-09-20,8.12,8.83,21.0,0.5,0.22,8.35,82.82,Good
13,43.753,-82.568,2024-08-27,8.15,8.95,22.5,0.6,0.19,8.38,69.24,Fair
14,43.393,-79.487,2022-04-19,23.7,11.73,3.5,0.2,0.11,8.22,94.98,Good
14,43.942,-82.667,2022-09-20,8.13,8.74,21.0,0.4,0.19,8.35,82.63,Good
14,43.942,-82.667,2024-08-27,8.41,8.87,21.0,0.9,0.24,8.41,82.88,Good
15,43.317,-79.443,2022-04-25,14.200872619433447,11.53,5.0,0.3,0.8201206434316353,8.2,94.97,Good
15,43.317,-79.443,2023-04-13,23.2,11.09,4.5,0.3,0.13,8.23,94.97,Good
15,45.167,-80.297,2022-06-05,7.52,11.04,8.0,0.1,0.09,8.08,94.99,Good
15,45.167,-80.297,2022-09-13,7.58,9.26,20.3,0.3,0.15,8.29,90.33,Good
15,45.167,-80.297,2024-09-10,8.11,9.68,15.0,0.6,0.22,8.08,94.14,Good
16,43.272,-79.36,2022-04-25,14.200872619433447,11.79,5.1,0.3,0.8201206434316353,8.19,94.97,Good
16,43.272,-79.36,2023-04-14,23.4,11.37,4.0,0.2,0.12,8.22,94.98,Good
16,45.354,-80.487,2022-06-05,7.45,10.27,9.3,0.4,0.12,8.12,94.96,Good
16,45.354,-80.487,2022-09-12,7.61,8.98,20.5,0.4,0.17,8.36,87.79,Good
16,45.354,-80.487,2024-09-10,7.96,9.63,16.0,0.7,0.21,8.2,94.0,Good
17,43.225,-79.272,2022-04-25,27.4,10.985,6.5,0.5,0.23,8.265,94.95,Good
17,43.225,-79.272,2022-08-10,24.25,10.17,22.0,1.0,0.45,8.46,75.92,Good
17,43.225,-79.272,2023-04-14,27.15,11.48,6.0,0.2,0.22,8.27,94.98,Good
17,44.1,-82.867,2022-05-31,8.245000000000001,11.495000000000001,11.5,0.3,0.14,8.225,94.97,Good
17,44.1,-82.867,2022-09-20,7.966666666666666,9.003333333333334,20.7,0.4,0.21,8.34,86.0,Good
17,44.1,-82.867,2024-08-27,8.4,8.876666666666667,22.0,0.8,0.25,8.4,73.69,Fair
17,45.245,-80.875,2022-06-06,7.459999999999999,11.55,4.0,0.1,0.08,8.004000000000001,94.99,Good
17,45.245,-80.875,2022-09-13,7.46,10.305,20.0,0.3,0.14,8.09,94.97,Good
17,45.245,-80.875,2024-09-09,7.8566666666666665,10.01,17.5,0.9,0.17,8.084999999999999,94.91,Good
17,46.713,-85.818,2024-06-09,1.59,10.45,9.0,0.4,0.16,8.39,94.96,Good
17,46.713,-85.818,2024-09-14,1.59,9.35,18.0,0.5,0.15,7.97,93.33,Good
18,43.303,-79.278,2022-04-25,23.1,11.68,4.0,0.3,0.12,8.22,94.97,Good
18,43.303,-79.278,2023-04-14,23.2,11.34,3.9,0.4,0.14,8.22,94.96,Good
19,43.383,-79.285,2022-04-25,23.1,11.6,4.0,0.2,0.11,8.19,94.98,Good
19,45.067,-81.254,2022-09-13,7.48,9.23,19.0,0.3,0.14,8.31,93.05,Good
19,45.067,-81.254,2024-09-08,7.75,9.16,19.0,0.3,0.23,8.26,92.87,Good
20,43.338,-79.197,2022-04-26,23.3,11.68,4.5,0.6,0.32,8.22,94.94,Good
20,43.338,-79.197,2023-04-14,22.7,11.39,4.0,1.5,1.14,8.16,94.85,Good
20,44.217,-83.083,2022-09-20,7.62,8.98,20.0,0.4,0.18,8.34,92.41,Good
20,44.217,-83.083,2024-08-27,7.58,8.86,21.0,0.3,0.11,8.31,82.91,Good
21,43.3,-79.12,2022-04-26,19.9,12.11,7.0,3.0,2.08,8.22,94.7,Good
21,43.3,-79.12,2023-04-14,26.4,11.56,6.0,1.2,1.7,8.21,94.88,Good
21,45.365,-81.19,2022-06-06,7.39,11.8,4.5,0.3,0.1,7.99,94.97,Good
21,45.365,-81.19,2022-09-14,7.43,9.18,19.2,0.3,0.13,8.3,92.92,Good
21,45.365,-81.19,2024-09-09,7.63,9.06,17.5,0.7,0.19,8.24,92.58,Good
22,43.297,-79.005,2022-04-26,20.1,11.455,7.0,2.9,1.99,8.23,94.71,Good
22,43.297,-79.005,2022-08-10,21.35,9.425,25.5,0.8,0.41,8.5,42.07,Poor
22,43.297,-79.005,2023-04-14,17.0,11.455,7.5,10.7,10.6,8.125,93.93,Good
23,43.37,-79.067,2022-04-26,23.0,11.42,4.0,0.1,0.15,8.19,94.99,Good
23,43.37,-79.067,2023-04-14,23.3,11.5,4.0,1.0,0.69,8.17,94.9,Good
23,44.333,-83.3,2022-06-01,7.73,10.94,11.0,0.4,0.15,8.18,94.96,Good
23,44.333,-83.3,2022-09-19,7.75,9.47,17.5,1.1,0.37,8.3,93.56,Good
23,44.333,-83.3,2024-08-27,8.38,8.52,21.0,1.1,0.35,8.3,82.07,Good
23,47.213,-85.633,2024-06-09,1.5750000000000002,10.692499999999999,4.5,0.35,0.14,8.0725,94.97,Good
23,47.213,-85.633,2024-09-13,1.5716666666666665,10.796666666666667,14.5,0.4,0.11,7.848333333333334,94.96,Good
24,43.44,-79.128,2022-04-26,23.1,11.64,4.0,0.1,0.12,8.17,94.99,Good
24,45.679,-80.839,2022-06-05,7.3,10.73,9.5,0.3,0.13,8.1,94.97,Good
24,45.679,-80.839,2022-09-14,7.44,9.18,18.9,0.4,0.17,8.34,92.91,Good
24,45.679,-80.839,2024-09-07,7.78,9.31,17.0,0.4,0.19,8.21,93.23,Good
25,43.517,-79.08,2022-04-20,23.240000000000002,11.422,3.5,0.0,0.08,8.168000000000001,95.0,Excellent
26,43.608,-79.017,2022-04-20,23.4,11.4,3.1,0.0,0.1,8.14,95.0,Excellent
26,43.608,-79.017,2022-08-12,23.166666666666668,10.806666666666667,19.5,0.8,0.4,8.346666666666666,94.92,Good
26,45.833,-80.9,2022-06-05,6.88,10.84,8.5,0.3,0.16,7.99,94.97,Good
26,45.833,-80.9,2022-09-14,7.41,9.27,18.8,0.5,0.19,8.32,93.12,Good
26,45.833,-80.9,2024-09-07,7.56,9.6,15.5,0.4,0.27,8.15,93.96,Good
27,43.703,-78.957,2022-04-20,23.1,11.71,3.6,0.2,0.1,8.16,94.98,Good
27,44.198,-82.503,2022-09-20,7.49,8.98,20.1,0.3,0.15,8.3,91.5,Good
27,44.198,-82.503,2024-09-03,7.81,9.04,20.0,0.3,0.11,8.35,92.57,Good
27,45.867,-81.0,2022-06-05,6.986666666666667,10.973333333333334,8.0,0.2,0.18,8.016666666666667,94.98,Good
27,45.867,-81.0,2022-09-14,7.330000000000001,9.276666666666666,18.9,0.4,0.2,8.31,93.15,Good
27,45.867,-81.0,2024-09-07,7.608,10.014,16.0,0.7,0.31,8.05,94.93,Good
28,43.775,-78.855,2022-04-20,23.2,11.68,4.0,0.0,0.09,8.2,95.0,Excellent
29,43.83,-78.87,2022-04-20,27.7,11.44,5.5,0.3,0.17,8.25,94.97,Good
29,44.367,-81.833,2022-06-07,7.426,11.384,4.0,0.2,0.11,8.07,94.98,Good
29,44.367,-81.833,2022-09-19,7.508333333333333,10.226666666666667,20.0,0.2,0.16,8.131666666666666,94.98,Good
29,44.367,-81.833,2024-08-29,7.706666666666667,10.498333333333333,20.5,0.2,0.16,8.276666666666666,90.23,Good
29,45.583,-81.083,2022-06-05,7.412000000000001,11.15,9.5,0.1,0.1,8.07,94.99,Good
29,45.583,-81.083,2022-09-14,7.38,10.325000000000001,19.0,0.4,0.18,8.071666666666667,94.96,Good
29,45.583,-81.083,2024-09-07,7.663333333333334,10.316666666666666,17.5,0.5,0.24,8.13,94.95,Good
30,43.83,-78.662,2022-04-21,23.6,11.53,4.0,0.1,0.1,8.21,94.99,Good
30,44.467,-81.453,2022-09-19,7.71,8.9,20.5,1.3,0.16,8.33,87.51,Good
30,44.467,-81.453,2024-08-29,7.8,9.08,21.0,0.3,0.14,8.39,83.4,Good
31,43.887,-78.46,2022-04-21,25.2,11.483333333333334,5.0,0.1,0.12,8.24,94.99,Good
31,43.887,-78.46,2023-04-18,26.866666666666664,11.24,6.0,0.2,0.15,8.283333333333333,94.98,Good
31,45.238,-81.44,2022-09-14,7.43,9.1,19.5,0.2,0.11,8.34,92.73,Good
31,45.238,-81.44,2024-09-09,7.65,9.1,18.0,0.6,0.13,8.23,92.69,Good
31,47.918,-84.913,2024-06-18,1.5425,10.8325,9.5,0.7,0.17,8.344999999999999,94.93,Good
31,47.918,-84.913,2024-09-23,1.5566666666666666,10.47,18.0,0.4,0.17,7.796666666666667,94.96,Good
32,43.783,-78.438,2022-04-21,23.4,11.57,3.0,0.1,0.1,8.17,94.99,Good
32,44.453,-82.342,2022-06-07,7.42,11.67,5.0,0.3,0.09,8.04,94.97,Good
32,44.453,-82.342,2022-09-19,7.44,8.98,19.8,0.3,0.13,8.31,92.42,Good
32,44.453,-82.342,2024-08-30,7.7,9.0,20.5,0.3,0.1,8.32,87.85,Good
33,43.597,-78.802,2022-04-20,23.32,11.462,3.0,0.1,0.09,8.172,94.99,Good
33,43.597,-78.802,2022-08-11,23.616666666666664,10.951666666666666,21.5,0.6,0.33,8.465,80.7,Good
33,43.597,-78.802,2023-04-14,23.080000000000002,11.36,3.9,0.2,0.12,8.17,94.98,Good
33,44.5,-82.833,2022-09-19,7.53,8.95,20.2,0.4,0.16,8.34,90.49,Good
33,44.5,-82.833,2024-09-04,7.64,9.15,19.5,0.3,0.1,8.37,92.84,Good
33,45.37,-81.585,2022-06-06,7.378,11.152,7.0,0.2,0.13,8.040000000000001,94.98,Good
33,45.37,-81.585,2022-09-14,7.434,10.192,19.0,0.4,0.14,8.178,94.96,Good
33,45.37,-81.585,2024-09-09,7.655,9.901666666666666,17.5,0.6,0.21,8.078333333333333,94.69,Good
34,43.462,-78.76,2022-04-26,23.2,11.76,4.0,0.4,0.1,8.15,94.96,Good
34,43.462,-78.76,2023-04-14,23.1,11.36,3.5,0.2,0.12,8.16,94.98,Good
34,44.64,-83.232,2022-06-01,7.38,10.98,10.4,0.2,0.12,8.17,94.98,Good
34,44.64,-83.232,2022-09-19,7.94,9.13,20.0,0.8,0.27,8.42,92.75,Good
34,44.64,-83.232,2024-09-04,7.93,9.07,20.0,0.8,0.19,8.41,92.59,Good
35,43.36,-78.73,2022-04-26,23.6,10.043194232952647,6.0,0.5,0.35,8.2,94.95,Good
35,43.36,-78.73,2023-04-14,17.8,12.18,6.0,3.3,2.93,8.17,94.67,Good
35,45.528,-81.669,2022-09-14,7.35,9.25,19.0,0.1,0.18,8.32,93.12,Good
36,43.492,-78.387,2022-04-26,23.1,11.94,3.0,0.0,0.1,8.17,95.0,Excellent
36,43.492,-78.387,2023-04-14,23.2,11.5,3.8,0.1,0.11,8.19,94.99,Good
36,45.04,-83.378,2022-06-02,7.625,10.44,14.0,0.6,0.17,8.26,94.94,Good
36,45.04,-83.378,2022-09-17,8.17,9.055,20.0,1.9,0.37,8.47,92.45,Good
36,45.04,-83.378,2024-09-04,7.71,9.325,19.0,1.4,0.28,8.45,93.17,Good
36,45.708,-81.62,2022-09-14,7.37,9.32,19.0,0.5,0.22,8.32,93.25,Good
36,45.708,-81.62,2024-09-07,7.49,9.36,17.0,0.5,0.26,8.15,93.35,Good
37,43.392,-78.37,2022-04-26,23.3,11.45,6.0,0.4,0.27,8.2,94.96,Good
37,43.392,-78.37,2023-04-14,18.6,11.42,7.0,3.3,4.61,8.14,94.67,Good
38,43.383,-77.99,2022-04-24,23.933333333333334,11.126666666666665,6.0,0.3,0.24,8.283333333333333,94.97,Good
38,43.383,-77.99,2022-08-11,21.666666666666668,9.103333333333333,23.5,0.7,0.33,8.406666666666666,60.25,Fair
38,43.383,-77.99,2023-04-15,19.833333333333332,10.843333333333334,8.0,0.9,1.92,8.153333333333334,94.91,Good
38,44.74,-82.057,2022-06-07,7.46,11.43,4.0,0.1,0.11,8.08,94.99,Good
38,44.74,-82.057,2022-09-19,7.7,8.91,20.2,1.3,0.14,8.35,90.3,Good
38,44.74,-82.057,2024-08-30,7.65,9.02,20.0,0.2,0.12,8.26,92.53,Good
39,43.487,-78.0,2022-04-24,23.0,11.5,3.5,0.2,0.12,8.25,94.98,Good
39,43.487,-78.0,2023-04-15,23.3,11.12,4.3,0.1,0.12,8.18,94.99,Good
39,44.657,-81.378,2022-09-19,7.62,8.88,20.0,1.3,0.14,8.32,92.07,Good
39,44.657,-81.378,2024-08-29,7.79,9.12,20.0,0.2,0.11,8.33,92.78,Good
39,45.873,-81.258,2022-09-14,7.32,9.23,18.9,0.4,0.18,8.32,93.03,Good
39,45.873,-81.258,2024-09-07,7.53,9.37,16.5,0.4,0.2,8.22,93.38,Good
39,47.69,-85.967,2024-06-17,1.53,11.15,5.0,0.5,0.14,8.45,94.95,Good
39,47.69,-85.967,2024-09-23,1.55,10.51,12.5,0.5,0.14,7.74,94.95,Good
40,43.59,-78.012,2022-04-25,22.9,11.53,3.5,0.1,0.09,8.2,94.99,Good
40,43.59,-78.012,2022-08-11,23.05,10.358333333333333,23.0,0.8,0.42,8.316666666666668,66.44,Fair
40,43.59,-78.012,2023-04-15,23.3,10.97,3.7,0.2,0.13,8.2,94.98,Good
40,44.898,-81.437,2022-09-19,7.64,8.88,20.0,1.3,0.13,8.33,92.07,Good
40,44.898,-81.437,2024-08-29,7.77,9.69,19.5,0.3,0.23,8.3,94.19,Good
41,43.717,-78.027,2022-04-21,23.080000000000002,10.774,2.75,0.3,0.14,8.162,94.97,Good
41,43.717,-78.027,2022-08-12,22.75,11.045,23.0,0.8,0.55,8.366666666666667,66.44,Fair
41,43.717,-78.027,2023-04-05,14.200872619433447,10.043194232952647,13.90872,0.2,0.8201206434316353,8.262768674136321,94.98,Good
41,43.717,-78.027,2023-04-14,23.259999999999998,11.495999999999999,3.0,0.2,0.17,8.226,94.98,Good
41,45.083,-81.537,2022-09-18,7.54,8.91,20.0,1.9,0.21,8.36,92.09,Good
41,45.083,-81.537,2024-08-29,7.7,9.31,19.0,0.1,0.11,8.32,93.27,Good
42,43.84,-78.038,2022-04-21,24.0,11.49,3.0,0.2,0.08,8.19,94.98,Good
42,43.84,-78.038,2023-04-17,23.5,11.36,4.0,0.3,0.13,8.27,94.97,Good
42,45.222,-81.82,2022-09-18,7.48,9.04,19.5,1.3,0.12,8.33,92.47,Good
42,45.222,-81.82,2024-09-07,7.7,9.23,18.0,0.3,0.16,8.14,93.05,Good
42,45.913,-81.595,2022-06-04,7.202500000000001,11.135,9.2,0.2,0.15,8.055,94.98,Good
42,45.913,-81.595,2022-09-14,7.316666666666666,9.523333333333333,19.0,0.2,0.15,8.143333333333333,93.79,Good
42,45.913,-81.595,2024-09-07,7.534000000000001,9.64,17.5,0.5,0.23,8.042,94.05,Good
43,43.95,-78.05,2022-04-21,28.1,11.55,5.5,0.7,0.35,8.23,94.93,Good
43,43.95,-78.05,2023-04-17,26.8,11.36,6.0,0.6,0.43,8.28,94.94,Good
43,45.013,-82.008,2022-06-07,7.46,11.67,3.5,0.1,0.11,8.06,94.99,Good
43,45.013,-82.008,2022-09-18,7.66,8.92,20.0,1.3,0.13,8.35,92.17,Good
43,45.013,-82.008,2024-08-29,7.61,9.15,19.0,0.2,0.1,8.34,92.86,Good
43,47.08,-86.478,2024-06-09,1.55,11.2,4.0,0.3,0.12,8.42,94.97,Good
43,47.08,-86.478,2024-09-14,1.56,9.78,16.0,0.3,0.12,7.79,94.42,Good
44,45.017,-82.685,2022-06-02,7.448,11.129999999999999,3.0,0.15000000000000002,0.11,8.03,94.98,Good
44,45.017,-82.685,2022-09-18,7.553333333333334,10.315,19.8,1.7,0.18,8.17,94.83,Good
44,45.017,-82.685,2024-08-29,7.533333333333334,10.223333333333334,20.0,0.2,0.12,8.216666666666667,94.98,Good
45,43.82,-77.783,2022-04-22,23.6,11.87,3.0,0.2,0.1,8.23,94.98,Good
45,43.82,-77.783,2023-04-17,23.3,11.42,3.0,0.2,0.14,8.25,94.98,Good
46,45.762,-81.795,2022-09-15,7.18,9.29,18.9,0.8,0.37,8.34,93.14,Good
46,45.762,-81.795,2024-09-07,7.29,9.2,17.0,1.2,0.48,8.2,92.88,Good
47,43.952,-77.588,2022-04-22,25.1,11.53,4.5,0.3,0.13,8.22,94.97,Good
47,43.952,-77.588,2023-04-17,24.9,11.21,6.75,0.3,0.22,8.26,94.97,Good
47,45.255,-83.347,2022-09-17,7.41,9.16,19.0,1.3,0.18,8.36,92.77,Good
47,45.255,-83.347,2024-09-04,7.53,9.49,18.0,0.7,0.14,8.39,93.66,Good
48,45.278,-82.452,2022-06-07,7.45,11.55,3.5,0.2,0.08,8.04,94.98,Good
48,45.278,-82.452,2022-09-18,7.53,9.11,19.0,1.3,0.1,8.32,92.65,Good
48,45.278,-82.452,2024-08-29,7.49,9.24,19.0,0.2,0.1,8.36,93.08,Good
49,43.772,-77.438,2023-04-17,23.3,11.7125,3.0,0.2,0.1,8.2625,94.98,Good
50,45.535,-82.045,2022-09-18,7.46,9.07,19.0,1.3,0.12,8.31,92.55,Good
50,45.535,-82.045,2024-09-07,7.64,9.36,17.0,0.4,0.11,8.27,93.36,Good
50,46.508,-86.568,2024-06-09,1.63,10.61,9.3,0.5,0.18,8.32,94.95,Good
50,46.508,-86.568,2024-09-14,1.6,9.42,17.5,0.4,0.16,7.99,93.51,Good
51,46.517,-87.337,2024-06-09,1.5933333333333335,10.82,8.0,0.6,0.18,8.33,94.94,Good
51,46.517,-87.337,2024-09-14,1.6333333333333335,9.446666666666667,18.0,0.4,0.16,7.996666666666667,93.58,Good
52,43.433,-77.712,2022-04-24,23.0,11.35,4.0,0.2,0.1,8.36,94.98,Good
52,43.433,-77.712,2023-04-15,23.1,11.14,4.0,0.1,0.14,8.18,94.99,Good
52,45.652,-82.648,2022-09-18,7.39,9.22,19.0,1.3,0.13,8.3,92.92,Good
52,45.652,-82.648,2024-09-06,7.46,9.44,16.5,0.4,0.28,8.21,93.56,Good
53,43.35,-77.712,2022-04-24,22.2,11.54,6.0,0.5,0.3,8.19,94.95,Good
53,43.35,-77.712,2023-04-15,21.3,11.25,7.0,0.6,1.07,8.17,94.94,Good
54,43.413,-77.575,2022-04-24,22.9,11.61,3.9,0.1,0.1,8.16,94.99,Good
54,43.413,-77.575,2023-04-15,23.2,11.1,4.0,0.2,0.14,8.21,94.98,Good
54,45.517,-83.417,2022-06-02,7.295999999999999,11.308,3.0,0.1,0.1,8.032,94.99,Good
54,45.517,-83.417,2022-09-17,7.3566666666666665,10.733333333333334,18.0,0.5,0.17,8.125,94.95,Good
54,45.517,-83.417,2024-09-04,7.5616666666666665,10.773333333333333,19.0,0.6,0.17,8.283333333333333,94.94,Good
55,43.443,-77.438,2022-04-24,23.02,11.242,3.5,0.2,0.1,8.154,94.98,Good
55,43.443,-77.438,2023-04-15,23.14,11.25,3.5,-0.1,0.13,8.216,95.01,Excellent
55,45.425,-83.652,2022-09-17,7.53,9.31,18.7,0.4,0.16,8.32,93.23,Good
55,45.425,-83.652,2024-09-04,8.35,9.29,18.5,0.5,0.18,8.4,93.17,Good
56,43.36,-77.515,2022-04-24,23.1,11.56,3.2,0.1,0.11,8.16,94.99,Good
56,43.36,-77.515,2023-04-15,23.1,11.1,4.0,0.2,0.11,8.2,94.98,Good
56,45.517,-84.083,2022-09-16,7.77,9.6,18.5,0.3,0.18,8.36,93.97,Good
56,45.517,-84.083,2024-09-04,8.44,9.35,19.0,0.4,0.2,8.43,93.33,Good
57,43.275,-77.592,2022-04-24,21.9,11.42,6.0,0.8,0.57,8.24,94.92,Good
57,43.275,-77.592,2022-08-11,22.950000000000003,8.575,24.0,1.1,0.66,8.575,54.8,Fair
57,43.275,-77.592,2023-04-15,24.2,10.97,7.5,1.1,1.1,8.21,94.89,Good
57,46.933,-87.305,2024-06-10,1.56,11.39,4.5,0.3,0.16,8.42,94.97,Good
57,46.933,-87.305,2024-09-14,1.56,9.67,16.5,0.3,0.11,7.84,94.14,Good
58,43.328,-77.438,2022-04-24,23.1,11.56,3.5,0.3,0.14,8.15,94.97,Good
58,43.328,-77.438,2023-04-15,23.7,11.22,4.0,0.1,0.12,8.21,94.99,Good
58,45.867,-83.267,2022-09-16,7.35,9.29,18.0,0.3,0.12,8.36,93.19,Good
58,45.867,-83.267,2024-09-06,6.16,9.33,17.5,0.8,0.2,8.18,93.25,Good
59,43.382,-77.298,2022-04-24,22.9,11.7,3.5,0.2,0.11,8.2,94.98,Good
59,43.382,-77.298,2023-04-15,23.2,11.25,5.0,0.1,0.12,8.19,94.99,Good
59,45.767,-83.028,2022-09-17,7.49,9.23,18.5,0.4,0.14,8.3,93.03,Good
59,45.767,-83.028,2024-09-06,6.91,9.45,17.0,0.7,0.17,8.18,93.56,Good
60,43.58,-77.2,2022-04-24,22.86,11.366,4.0,0.1,0.1,8.168000000000001,94.99,Good
60,43.58,-77.2,2023-04-15,23.4,11.19,3.0,0.1,0.17,8.22,94.99,Good
60,45.902,-83.518,2022-09-16,7.28,9.29,18.2,0.3,0.15,8.36,93.19,Good
60,45.902,-83.518,2024-09-06,7.29,9.71,15.0,0.6,0.21,8.25,94.22,Good
61,43.787,-77.158,2022-08-12,22.96666666666667,9.488333333333333,24.0,2.0,1.12,8.200000000000001,56.11,Fair
61,43.787,-77.158,2023-04-17,23.36,11.414,3.0,0.2,0.12,8.25,94.98,Good
61,45.75,-83.917,2022-09-16,6.99,9.33,18.0,0.4,0.16,8.36,93.28,Good
61,45.75,-83.917,2024-09-04,7.14,9.42,18.0,0.5,0.16,8.35,93.5,Good
62,43.88,-77.0,2023-04-17,23.3,11.71,6.5,0.3,0.22,8.24,94.97,Good
62,45.675,-84.187,2022-06-02,7.3,11.25,7.5,0.2,0.14,8.07,94.98,Good
62,45.675,-84.187,2022-09-16,6.7,9.35,18.2,0.2,0.24,8.35,93.36,Good
62,45.675,-84.187,2024-09-05,8.19,9.39,18.5,0.4,0.3,8.4,93.44,Good
63,43.732,-77.017,2022-04-23,23.12,11.786,4.0,0.2,0.12,8.192,94.98,Good
63,43.732,-77.017,2023-04-17,22.939999999999998,11.581999999999999,3.5,0.3,0.15,8.206,94.97,Good
63,45.703,-84.512,2022-06-03,9.71,10.77,11.0,0.3,0.15,8.19,94.97,Good
63,45.703,-84.512,2022-09-16,10.2,9.39,18.5,0.3,0.17,8.45,93.44,Good
63,45.703,-84.512,2024-09-05,8.98,9.49,18.5,0.5,0.21,8.39,93.68,Good
64,43.525,-76.927,2022-04-24,22.8,11.37,4.0,0.3,0.1,8.19,94.97,Good
64,43.525,-76.927,2022-08-11,23.166666666666668,9.816666666666666,24.0,1.3,0.72,8.323333333333332,56.65,Fair
64,43.525,-76.927,2023-04-16,23.2,11.26,3.5,0.1,0.19,8.18,94.99,Good
64,45.813,-84.755,2022-06-03,10.825,10.5725,9.0,0.35,0.15,8.2125,94.97,Good
64,45.813,-84.755,2022-09-16,9.959999999999999,9.596666666666666,18.5,0.6,0.24,8.4,93.93,Good
64,45.813,-84.755,2024-09-05,9.57,10.198,19.0,0.8,0.15,8.36,94.92,Good
65,43.423,-76.883,2022-04-24,22.8,11.87,3.0,0.2,0.11,8.2,94.98,Good
65,43.423,-76.883,2023-04-16,23.1,11.22,5.5,0.2,0.14,8.21,94.98,Good
65,45.845,-84.567,2022-09-16,8.48,9.7,18.5,0.3,0.22,8.34,94.22,Good
65,45.845,-84.567,2024-09-05,8.64,9.39,19.0,0.5,0.15,8.38,93.43,Good
66,43.333,-76.84,2022-04-24,22.8,11.45,5.0,0.3,0.16,8.22,94.97,Good
66,43.333,-76.84,2023-04-15,27.4,11.59,10.0,0.6,0.56,8.25,94.94,Good
66,45.863,-84.295,2022-06-03,6.7,11.48,5.2,0.3,0.13,8.14,94.97,Good
66,45.863,-84.295,2022-09-16,6.74,9.31,18.5,0.5,0.21,8.36,93.23,Good
66,45.863,-84.295,2024-09-05,7.45,9.41,18.5,0.6,0.18,8.35,93.47,Good
67,42.845,-79.575,2022-08-15,17.5,8.42,23.5,0.6,0.32,8.44,59.14,Fair
67,42.845,-79.575,2023-05-08,28.8,10.46,11.0,2.9,2.49,8.32,94.71,Good
67,42.845,-79.575,2024-08-21,24.7,8.27,20.5,3.1,1.5,8.28,85.85,Good
67,43.408,-76.795,2022-04-24,22.9,11.87,3.5,0.2,0.08,8.2,94.98,Good
67,43.408,-76.795,2023-04-16,23.5,11.39,4.5,0.2,0.14,8.21,94.98,Good
67,45.935,-83.9,2022-06-03,5.07,10.72,11.0,0.9,0.37,8.09,94.91,Good
67,45.935,-83.9,2022-09-16,4.53,9.19,18.5,1.1,0.57,8.24,92.86,Good
67,45.935,-83.9,2024-09-05,6.89,9.94,15.5,0.6,0.21,8.22,94.79,Good
68,43.53,-76.732,2023-04-16,23.0,11.29,4.5,0.1,0.13,8.18,94.99,Good
68,46.042,-83.853,2022-06-03,4.693333333333333,10.409999999999998,12.5,2.5,1.16,8.1,94.75,Good
68,46.042,-83.853,2022-09-15,4.19,9.06,18.5,1.7,0.89,8.21,92.48,Good
68,46.042,-83.853,2024-09-05,2.84,9.32,18.0,2.6,1.33,8.1,93.04,Good
68,47.017,-88.183,2024-06-10,1.6,11.058,8.5,0.4,0.26,8.256,94.96,Good
68,47.017,-88.183,2024-09-15,1.5857142857142859,10.475714285714286,18.0,0.3,0.14,7.867142857142857,94.97,Good
69,43.607,-76.713,2022-04-23,22.7,11.35,4.0,0.2,0.12,8.2,94.98,Good
69,43.607,-76.713,2023-04-16,23.0,11.14,4.0,0.1,0.11,8.18,94.99,Good
69,46.078,-84.028,2022-06-03,1.85,10.16,13.8,5.1,4.41,8.07,94.49,Good
69,46.078,-84.028,2022-09-16,1.64,9.08,18.5,3.4,2.26,8.105,92.36,Good
69,46.078,-84.028,2024-09-05,2.04,9.175,19.0,3.5,2.3,8.055,92.59,Good
70,43.542,-76.618,2022-04-23,22.9,11.44,3.5,0.2,0.1,8.2,94.98,Good
70,43.542,-76.618,2022-08-11,22.883333333333336,9.621666666666668,24.0,1.3,0.63,8.268333333333333,56.35,Fair
70,43.542,-76.618,2023-04-16,23.1,11.49,5.0,0.5,0.12,8.18,94.95,Good
70,46.137,-83.672,2022-06-03,4.18,10.6,11.0,0.8,0.41,7.98,94.92,Good
70,46.137,-83.672,2022-09-15,4.7,9.29,18.5,0.7,0.3,8.29,93.16,Good
70,46.137,-83.672,2024-09-05,5.06,9.18,19.0,0.8,0.23,8.21,92.87,Good
71,43.477,-76.527,2022-04-23,38.4,11.245,7.0,2.5,1.24,8.265,94.75,Good
71,43.477,-76.527,2023-04-16,24.9,11.585,9.0,0.4,0.37,8.375,94.96,Good
71,46.233,-83.747,2022-06-04,5.0925,10.595,10.0,0.4,0.41,8.035,94.96,Good
71,46.233,-83.747,2022-09-15,5.702,9.425999999999998,19.0,1.38635046113307,0.32,7.970000000000001,93.43,Good
71,46.233,-83.747,2024-09-05,5.9079999999999995,9.644,18.5,1.1,0.49,7.973999999999999,94.0,Good
72,43.55,-76.525,2022-04-23,22.9,11.68,3.5,0.2,0.1,8.2,94.98,Good
72,43.55,-76.525,2023-04-16,23.2,11.44,5.0,0.3,0.13,8.21,94.97,Good
73,43.633,-76.288,2022-04-23,22.7,11.68,3.9,0.1,0.16,8.1,94.99,Good
73,43.633,-76.288,2023-04-16,25.1,11.61,5.5,0.4,0.25,8.22,94.96,Good
73,46.187,-83.355,2022-06-04,5.67,11.41,6.5,0.3,0.18,7.97,94.97,Good
73,46.187,-83.355,2022-09-15,5.85,9.09,18.0,0.8,0.29,8.28,92.65,Good
73,46.187,-83.355,2024-09-05,4.93,9.17,19.0,1.1,0.3,8.13,92.81,Good
74,43.75,-76.518,2022-04-23,22.86,11.376000000000001,3.5,0.0,0.1,8.244,95.0,Excellent
74,43.75,-76.518,2022-08-11,22.849999999999998,9.383333333333333,24.5,2.4,1.31,8.245,51.27,Fair
74,43.75,-76.518,2023-04-16,23.68,11.464,4.5,0.2,0.19,8.184000000000001,94.98,Good
75,43.843,-76.355,2022-04-23,23.0,11.19,5.5,0.3,0.39,8.11,94.97,Good
75,43.843,-76.355,2023-04-16,24.1,11.48,10.0,2.0,1.17,8.22,94.8,Good
76,43.95,-76.175,2022-04-23,15.6,11.02,7.5,1.7,1.44,8.17,94.83,Good
76,43.95,-76.175,2023-04-16,20.0,11.28,10.0,0.7,0.62,8.16,94.93,Good
76,46.0,-83.433,2022-09-15,5.55,9.11,17.9,0.8,0.26,8.27,92.69,Good
76,46.0,-83.433,2024-09-06,5.8,9.25,18.0,0.8,0.19,8.14,93.05,Good
76,47.402,-87.412,2024-06-10,1.56,10.92,4.0,0.3,0.16,8.45,94.97,Good
76,47.402,-87.412,2024-09-15,1.57,9.45,17.5,0.3,0.12,7.78,93.59,Good
77,43.957,-76.408,2022-04-23,23.6,11.7,3.5,0.0,0.09,8.17,95.0,Excellent
77,43.957,-76.408,2023-04-16,23.2,10.82,7.0,0.2,0.12,8.24,94.98,Good
77,45.97,-83.198,2022-09-15,6.48,9.2,17.5,0.9,0.2,8.3,92.91,Good
77,45.97,-83.198,2024-09-06,5.88,9.28,18.0,0.9,0.18,8.17,93.11,Good
78,44.083,-76.407,2022-04-23,22.4,11.88,4.5,0.1,0.13,8.16,94.99,Good
78,44.083,-76.407,2023-04-16,23.4,11.74,4.5,0.1,0.14,8.25,94.99,Good
79,44.075,-76.522,2022-04-23,23.6,11.83,4.0,0.1,0.16,8.17,94.99,Good
79,44.075,-76.522,2023-04-17,23.1,11.88,4.5,0.1,0.17,8.24,94.99,Good
79,46.123,-82.886,2022-06-04,5.9825,10.915,10.0,0.5,0.26,8.030000000000001,94.95,Good
79,46.123,-82.886,2022-09-15,6.288,9.078,18.5,0.9,0.25,8.024000000000001,92.6,Good
79,46.123,-82.886,2024-09-05,6.423333333333333,9.459999999999999,16.0,0.9,0.17,8.023333333333333,93.56,Good
80,44.142,-76.61,2022-04-23,23.3,11.76,4.0,0.4,0.1,8.18,94.96,Good
80,44.142,-76.61,2023-04-17,23.0,11.88,4.0,0.1,0.13,8.25,94.99,Good
80,47.583,-86.952,2024-06-10,1.55,10.790000000000001,4.0,0.3,0.13,8.146666666666667,94.97,Good
80,47.583,-86.952,2024-09-15,1.55,10.71375,16.0,0.2,0.11,7.8825,94.98,Good
81,44.017,-76.672,2022-04-23,23.375,11.6075,3.5,0.1,0.13,8.2325,94.99,Good
81,44.017,-76.672,2023-04-17,23.05,11.75,3.8,0.2,0.13,8.245000000000001,94.98,Good
82,44.067,-76.812,2023-04-17,23.1,11.96,4.0,0.1,0.14,8.23,94.99,Good
82,45.937,-82.758,2022-06-04,6.09,11.16,7.7,0.6,0.19,8.16,94.94,Good
82,45.937,-82.758,2022-09-15,6.06,9.08,18.5,0.8,0.27,8.29,92.62,Good
82,45.937,-82.758,2024-09-06,6.27,9.4,18.5,1.1,0.28,8.16,93.39,Good
83,46.0,-82.55,2022-06-04,6.03,11.31,6.5,0.4,0.14,8.08,94.96,Good
83,46.0,-82.55,2022-09-15,6.03,9.01,19.0,0.8,0.35,8.28,92.44,Good
83,46.0,-82.55,2024-09-06,6.22,9.3,18.0,0.8,0.19,8.14,93.17,Good
84,43.887,-76.733,2022-08-12,22.9,7.94,24.0,1.5,1.05,8.16,53.82,Fair
84,43.887,-76.733,2023-04-17,23.3,12.07,3.5,0.2,0.11,8.25,94.98,Good
84,46.092,-82.557,2022-06-04,5.955,11.465,9.0,0.3,0.17,8.1075,94.97,Good
84,46.092,-82.557,2022-09-15,6.4475,9.67,19.0,0.7,0.33,8.02,94.11,Good
84,46.092,-82.557,2024-09-05,6.473999999999999,9.384,17.5,0.6,0.19,8.03,93.4,Good
84,48.113,-86.3,2024-06-17,1.53,11.08,4.0,0.2,0.14,8.56,94.98,Good
84,48.113,-86.3,2024-09-23,1.55,9.55,16.0,0.4,0.12,7.8,93.83,Good
85,43.75,-79.083,2022-04-20,23.675,11.29,4.0,0.2,0.08,8.1775,94.98,Good
85,43.75,-79.083,2023-04-18,26.175,11.2175,4.5,0.2,0.16,8.2425,94.98,Good
86,43.255,-79.195,2022-04-25,26.2,11.42,7.5,0.9,0.57,8.26,94.91,Good
86,43.255,-79.195,2023-04-14,28.7,11.01,8.0,0.9,1.66,8.24,94.91,Good
87,43.298,-77.518,2022-04-24,22.9,11.44,4.5,0.3,0.2,8.15,94.97,Good
87,43.298,-77.518,2023-04-15,23.9,11.1,4.4,0.2,0.27,8.2,94.98,Good
87,46.061,-82.197,2022-06-04,5.89,11.32,9.5,0.3,0.15,8.08,94.97,Good
87,46.061,-82.197,2022-09-15,5.96,8.99,19.5,1.2,0.39,8.35,92.35,Good
87,46.061,-82.197,2024-09-06,6.37,9.03,18.0,1.1,0.27,7.93,92.47,Good
88,43.588,-76.417,2022-04-23,22.9,11.61,3.5,0.2,0.12,8.2,94.98,Good
88,43.588,-76.417,2023-04-16,24.5,11.55,3.8,0.3,0.17,8.19,94.97,Good
88,46.056,-82.0,2022-09-15,6.02,8.8,20.0,1.1,0.45,8.01,91.89,Good
88,46.056,-82.0,2024-09-06,6.28,8.55,19.5,1.3,0.32,7.9,91.25,Good
89,43.698,-76.417,2022-04-23,22.8,11.59,3.5,0.2,0.18,8.08,94.98,Good
89,43.698,-76.417,2023-04-16,24.3,11.42,4.5,0.2,0.16,8.19,94.98,Good
89,45.917,-82.161,2022-09-15,5.96,8.91,19.5,1.2,0.42,8.32,92.16,Good
89,45.917,-82.161,2024-09-06,6.3,9.28,19.0,1.4,0.34,8.21,93.06,Good
90,44.136,-76.825,2023-04-17,19.025,11.440000000000001,7.0,1.1,0.66,8.14,94.89,Good
91,43.92,-78.307,2022-04-21,25.1,11.6,5.0,0.2,0.14,8.25,94.98,Good
91,43.92,-78.307,2023-04-18,25.8,11.6,5.5,0.2,0.19,8.24,94.98,Good
92,48.583,-86.565,2024-06-17,1.53,11.26,5.0,0.5,0.17,8.46,94.95,Good
92,48.583,-86.565,2024-09-23,1.55,9.64,16.5,0.3,0.14,7.95,94.07,Good
93,43.327,-78.868,2022-04-26,24.5,11.4,6.5,1.1,0.64,8.24,94.89,Good
93,43.327,-78.868,2023-04-14,18.8,11.73,7.5,6.0,5.35,8.15,94.4,Good
94,43.325,-77.217,2022-04-24,22.6,11.78,4.5,0.2,0.21,8.3,94.98,Good
94,43.325,-77.217,2023-04-15,24.5,10.91,5.5,0.4,0.37,8.17,94.96,Good
94,44.069,-83.081,2022-09-20,7.86,8.82,20.5,0.6,0.27,8.37,87.39,Good
94,44.069,-83.081,2024-08-27,8.18,8.86,22.0,0.5,0.22,8.37,73.68,Fair
95,43.313,-77.001,2022-04-24,20.4,11.28,4.5,0.2,0.22,8.2475,94.98,Good
95,43.313,-77.001,2023-04-15,24.080000000000002,10.99,5.0,0.3,0.27,8.154,94.97,Good
95,44.213,-83.371,2022-06-01,9.333333333333334,10.71,16.0,0.8,0.28,8.223333333333334,94.92,Good
95,44.213,-83.371,2022-09-20,7.644,10.172,20.5,0.6,0.21,8.2,90.19,Good
95,44.213,-83.371,2024-08-27,8.143333333333333,8.873333333333333,22.0,1.0,0.26,8.403333333333334,73.67,Fair
95,48.218,-87.017,2024-06-15,1.54,11.31,4.0,0.4,0.11,8.24,94.96,Good
95,48.218,-87.017,2024-09-15,1.56,10.0,15.0,0.4,0.12,7.9,94.96,Good
96,43.223,-79.447,2022-04-25,14.200872619433447,11.77,6.0,0.1,0.8201206434316353,8.24,94.99,Good
96,43.223,-79.447,2023-04-13,26.4,11.3,5.5,0.2,0.12,8.27,94.98,Good
96,44.126,-83.171,2022-09-20,7.57,8.89,20.0,0.4,0.16,8.32,92.19,Good
96,44.126,-83.171,2024-08-27,8.04,8.85,22.0,0.5,0.19,8.37,73.66,Fair
97,43.962,-76.122,2022-04-23,12.9,10.82,8.0,3.7,2.74,8.08,94.63,Good
97,43.962,-76.122,2023-04-16,12.4,10.78,10.0,2.0,1.92,7.91,94.8,Good
97,44.115,-83.529,2022-09-20,8.75,9.04,20.5,2.2,0.72,8.53,87.76,Good
97,44.115,-83.529,2024-08-27,11.4,9.05,22.5,1.3,0.38,8.51,69.37,Fair
97,48.438,-87.253,2024-09-16,1.57,9.88,15.5,0.4,0.12,7.91,94.66,Good
98,43.935,-76.232,2022-04-23,20.566666666666666,11.363333333333335,5.5,0.5,0.36,8.183333333333332,94.95,Good
98,43.935,-76.232,2023-04-16,22.366666666666664,11.07,6.5,0.8,0.59,8.213333333333333,94.92,Good
98,43.976,-83.576,2022-09-20,9.72,9.18,20.3,3.5,1.36,8.56,89.82,Good
98,43.976,-83.576,2024-08-27,15.0,8.87,22.0,3.2,0.96,8.56,73.48,Fair
99,43.908,-83.742,2022-09-20,12.3,8.75,21.5,5.6,2.56,8.52,77.62,Good
99,43.908,-83.742,2024-08-27,19.7,8.93,23.0,3.4,1.76,8.59,64.39,Fair
100,43.825,-83.817,2022-06-01,17.5,9.440000000000001,19.0,1.25,0.61,8.335,93.47,Good
100,43.825,-83.817,2022-09-20,11.2,8.815000000000001,21.5,4.9,3.09,8.565000000000001,77.82,Good
100,43.825,-83.817,2024-08-27,23.366666666666664,8.616666666666667,23.0,3.8,2.2249999999999996,8.593333333333334,63.81,Fair
100,48.757,-86.976,2024-06-16,1.5350000000000001,11.1975,5.5,0.1,0.18,7.9975000000000005,94.99,Good
100,48.757,-86.976,2024-09-22,1.5466666666666669,10.476666666666667,17.0,0.4,0.13,7.921666666666667,94.96,Good
101,43.821,-83.625,2022-06-01,17.8,9.1,18.5,1.3,0.57,8.37,92.62,Good
101,43.821,-83.625,2022-09-20,10.2,8.88,21.5,5.3,2.22,8.58,77.92,Good
101,43.821,-83.625,2024-08-27,16.4,9.14,23.0,3.4,2.02,8.64,64.76,Fair
105,48.733,-87.563,2024-06-15,1.53,11.38,5.0,0.3,0.13,8.24,94.97,Good
105,48.733,-87.563,2024-09-21,1.55,9.48,17.0,0.5,0.14,8.17,93.65,Good
106,48.575,-88.117,2024-06-15,1.53,11.05,5.0,0.3,0.12,8.27,94.97,Good
106,48.575,-88.117,2024-09-21,1.55,9.33,17.5,0.5,0.13,7.98,93.28,Good
113,48.145,-87.703,2024-06-15,1.53,11.716,4.0,0.2,0.13,8.176,94.98,Good
113,48.145,-87.703,2024-09-16,1.5585714285714285,10.708571428571428,17.0,0.4,0.13,7.8999999999999995,94.96,Good
115,47.847,-87.457,2024-09-15,1.57,9.95,17.0,0.4,0.13,7.93,94.83,Good
118,47.607,-87.71,2024-06-10,1.56,11.16,4.5,0.4,0.23,8.39,94.96,Good
118,47.607,-87.71,2024-09-15,1.57,9.94,17.0,0.3,0.12,7.87,94.82,Good
122,45.325,-80.117,2022-09-12,8.65,8.98,22.0,0.8,0.28,8.36,73.9,Fair
122,45.325,-80.117,2024-09-10,8.9,8.89,18.0,1.0,0.26,7.94,92.12,Good
125,47.605,-88.217,2024-06-11,1.56,11.24,3.5,0.3,0.12,8.36,94.97,Good
125,47.605,-88.217,2024-09-16,1.58,9.48,18.0,0.3,0.11,7.93,93.67,Good
127,47.848,-88.337,2024-06-15,1.53,11.23,3.7,0.3,0.1,8.29,94.97,Good
127,47.848,-88.337,2024-09-16,1.6,9.52,17.5,0.5,0.13,7.87,93.75,Good
130,48.108,-88.458,2024-06-15,1.54,10.94,7.0,0.4,0.13,8.18,94.96,Good
130,48.108,-88.458,2024-09-16,1.57,9.62,17.5,0.4,0.16,7.89,94.01,Good
137,48.302,-88.95,2024-06-14,1.66,11.17,8.0,0.6,0.16,8.16,94.94,Good
137,48.302,-88.95,2024-09-21,1.65,9.61,17.5,0.6,0.18,8.0,93.97,Good
138,48.417,-88.933,2024-06-14,1.79,11.22,10.0,0.6,0.24,8.19,94.94,Good
138,48.417,-88.933,2024-09-21,1.7,9.56,19.0,0.6,0.22,7.93,93.84,Good
139,48.298,-89.18,2024-06-14,1.8,10.708,11.0,0.8,0.44,8.096,94.92,Good
139,48.298,-89.18,2024-09-19,1.6866666666666665,9.923333333333334,17.5,0.8,0.22,7.82,94.73,Good
140,48.15,-89.148,2024-06-14,1.91,10.58,9.0,0.8,0.3,8.23,94.92,Good
140,48.15,-89.148,2024-09-19,1.63,9.26,18.0,0.7,0.2,8.01,93.08,Good
149,47.883,-89.64,2024-06-14,1.56,11.06,3.6,0.2,0.14,8.19,94.98,Good
149,47.883,-89.64,2024-09-19,1.59,9.63,18.0,0.6,0.14,7.98,94.02,Good
152,47.688,-89.467,2024-06-13,1.54,10.95,4.0,0.2,0.12,8.25,94.98,Good
152,47.688,-89.467,2024-09-17,1.6,10.45,16.5,0.4,0.14,8.07,94.96,Good
155,47.803,-89.147,2024-06-13,1.53,11.34,6.5,0.3,0.12,8.25,94.97,Good
155,47.803,-89.147,2024-09-16,1.58,9.6,17.5,0.6,0.18,8.09,93.94,Good
157,47.613,-89.0,2024-06-13,1.54,10.99,4.0,0.2,0.12,8.29,94.98,Good
157,47.613,-89.0,2024-09-16,1.57,9.38,19.0,0.3,0.13,8.28,93.42,Good
160,47.367,-88.818,2024-06-11,1.56,11.23,5.0,0.3,0.14,8.55,94.97,Good
160,47.367,-88.818,2024-09-16,1.58,9.2,18.5,0.3,0.17,8.22,92.97,Good
164,47.027,-89.038,2024-06-11,1.6233333333333333,10.64,10.5,1.2,0.63,8.246666666666668,94.88,Good
164,47.027,-89.038,2024-09-17,1.57,9.846,18.0,0.5,0.15,7.954000000000001,94.56,Good
169,47.207,-89.667,2024-06-11,1.556,11.164,3.8,0.3,0.12,8.176,94.97,Good
169,47.207,-89.667,2024-09-17,1.5757142857142858,10.314285714285715,19.0,0.5,0.16,7.932857142857143,94.95,Good
171,47.45,-89.921,2024-06-13,1.54,11.19,4.0,0.3,0.13,8.12,94.97,Good
171,47.45,-89.921,2024-09-17,1.62,9.33,18.0,0.4,0.15,7.98,93.28,Good
177,47.7458,-90.235,2024-06-13,1.5425,11.5175,4.5,0.3,0.15,8.145,94.97,Good
177,47.7458,-90.235,2024-09-19,1.5866666666666667,10.465,18.5,0.6,0.17,7.918333333333333,94.94,Good
180,47.467,-90.905,2024-06-13,1.56,11.02,4.0,0.3,0.11,8.33,94.97,Good
180,47.467,-90.905,2024-09-18,1.58,9.3,19.0,0.4,0.14,7.97,93.21,Good
185,47.1,-90.463,2024-06-12,1.58,10.7,9.5,0.4,0.17,8.31,94.96,Good
185,47.1,-90.463,2024-09-18,1.64,9.56,19.0,0.6,0.22,7.95,93.84,Good
189,46.845,-90.189,2024-06-11,1.57,11.27,8.5,0.3,0.12,8.22,94.97,Good
189,46.845,-90.189,2024-09-17,1.64,9.52,19.0,0.4,0.13,8.06,93.76,Good
192,46.7,-90.032,2024-06-11,1.62,10.49,11.0,0.8,0.6,8.3,94.92,Good
192,46.7,-90.032,2024-09-17,1.64,9.31,18.5,0.4,0.12,8.0,93.23,Good
196,46.748,-90.703,2024-06-12,1.5866666666666667,11.020000000000001,11.0,0.5,0.39,8.086666666666666,94.95,Good
196,46.748,-90.703,2024-09-17,1.6233333333333333,9.838333333333333,19.0,0.7,0.17,7.8999999999999995,94.53,Good
201,47.132,-91.112,2024-06-12,1.59,11.34,4.5,0.3,0.15,8.32,94.97,Good
201,47.132,-91.112,2024-09-18,1.62,9.92,18.5,0.5,0.18,7.85,94.75,Good
208,46.938,-91.448,2024-06-12,1.59,11.15,6.0,0.4,0.17,8.23,94.96,Good
208,46.938,-91.448,2024-09-18,1.6,10.56,16.0,0.6,0.18,7.67,94.94,Good
212,46.75,-91.675,2024-06-12,2.25,10.145,12.0,3.4000000000000004,5.21,8.09,94.66,Good
212,46.75,-91.675,2024-09-18,1.6,9.66,17.5,0.6,0.14,8.03,94.09,Good
216,46.907,-91.82,2024-06-13,1.68,10.91,7.0,0.6,0.4,8.39,94.94,Good
216,46.907,-91.82,2024-09-18,1.59,9.27,18.5,0.5,0.14,8.01,93.12,Good
218,46.817,-91.885,2024-06-12,2.15,10.41,10.5,1.7,2.25,8.18,94.83,Good
218,46.817,-91.885,2024-09-18,1.59,9.44,18.0,0.5,0.16,7.99,93.55,Good
221,46.782,-92.054,2024-05-10,2.1625,10.043194232952647,4.9,1.5,1.55,8.262768674136321,94.85,Good
221,46.782,-92.054,2024-06-12,2.1574999999999998,10.192499999999999,11.5,1.9333333333333333,2.71,8.0425,94.81,Good
221,46.782,-92.054,2024-09-18,1.6333333333333335,9.26,19.5,0.6,0.25,8.023333333333333,93.09,Good
445,42.8,-79.7,2022-08-15,16.3,8.57,24.0,0.63,0.24,8.46,54.82,Fair
445,42.8,-79.7,2023-05-11,17.9,11.01,9.5,1.2,0.75,8.33,94.88,Good
445,42.8,-79.7,2024-08-21,15.5,8.11,22.0,1.8,0.46,8.4,72.08,Fair
449,42.767,-79.967,2022-08-16,16.3,8.45,23.0,0.9,0.42,8.39,63.72,Fair
449,42.767,-79.967,2023-05-11,15.7,10.96,13.90872,0.8,0.59,8.33,94.92,Good
449,42.767,-79.967,2024-08-22,15.5,8.58,21.0,1.8,0.53,8.45,82.14,Good
452,42.5833,-79.9217,2024-06-22,14.200872619433447,10.043194232952647,13.90872,0.15,0.8201206434316353,8.262768674136321,94.98,Good
638,46.99331,-85.1611,2024-05-07,1.5811111111111111,10.043194232952647,3.21,0.3,0.12,8.262768674136321,94.97,Good
639,47.36056,-85.62056,2024-05-08,1.57,10.043194232952647,2.98,0.3,0.14,8.262768674136321,94.97,Good
640,46.894444,-85.85139,2024-05-13,1.57,10.043194232952647,3.18,0.3,0.16,8.262768674136321,94.97,Good
642,46.77472,-86.55556,2024-05-13,1.55,10.043194232952647,3.27,0.2,0.14,8.262768674136321,94.98,Good
643,48.55861,-86.37694,2024-05-08,1.57,10.043194232952647,3.14,0.4,0.2,8.262768674136321,94.96,Good
644,48.07417,-86.59139,2024-05-08,1.57,10.043194232952647,3.08,0.3,0.12,8.262768674136321,94.97,Good
645,47.60583,-86.81778,2024-05-08,1.5627272727272727,10.043194232952647,3.2,0.1,0.1,8.262768674136321,94.99,Good
646,48.43667,-87.08611,2024-05-08,1.57,10.043194232952647,3.01,0.2,0.12,8.262768674136321,94.98,Good
647,47.51417,-87.54611,2024-05-12,1.56,10.043194232952647,3.21,0.3,0.15,8.262768674136321,94.97,Good
649,47.85611,-88.04194,2024-05-12,1.555,10.043194232952647,3.12,0.2,0.12,8.262768674136321,94.98,Good
651,47.740833,-88.7375,2024-05-12,1.56,10.043194232952647,2.99,0.2,0.13,8.262768674136321,94.98,Good
652,48.08275,-89.25333,2024-05-09,1.5857142857142859,10.043194232952647,2.73,0.2,0.14,8.262768674136321,94.98,Good
653,47.62139,-89.46306,2024-05-09,1.58,10.043194232952647,2.92,0.2,0.13,8.262768674136321,94.98,Good
654,47.16444,-89.66194,2024-05-12,1.5630000000000002,10.043194232952647,2.99,0.2,0.13,8.262768674136321,94.98,Good
655,47.51444,-90.15194,2024-05-09,1.58,10.043194232952647,2.97,0.3,0.21,8.262768674136321,94.97,Good
656,47.37028,-90.85389,2024-05-09,1.62,10.043194232952647,3.2,0.2,0.14,8.262768674136321,94.98,Good
725,43.638,-79.362,2022-04-20,59.5,11.195,6.0,0.8,0.49,8.245000000000001,94.92,Good
725,43.638,-79.362,2023-04-06,14.200872619433447,10.043194232952647,13.90872,2.8,0.8201206434316353,8.262768674136321,94.72,Good
725,43.638,-79.362,2023-04-18,109.0,10.475,9.5,3.8,1.95,8.16,94.62,Good
726,43.632,-79.379,2022-04-20,92.4,11.16,6.5,0.4,0.41,8.22,94.96,Good
726,43.632,-79.379,2023-04-18,85.2,10.61,9.0,1.7,0.84,8.16,94.83,Good
727,42.817,-79.383,2022-08-15,15.9,8.63,24.0,0.75,0.25,8.53,54.9,Fair
727,42.817,-79.383,2023-05-08,17.2,10.77,9.0,1.8,1.2,8.27,94.82,Good
727,42.817,-79.383,2024-08-19,16.5,8.25,20.0,1.4,0.37,8.29,90.48,Good
879,42.507,-79.9,2022-05-18,14.200872619433447,10.043194232952647,13.90872,0.5,0.8201206434316353,8.262768674136321,94.95,Good
879,42.507,-79.9,2022-08-16,15.799999999999999,9.131666666666666,24.0,0.7,0.31,8.076666666666666,55.66,Fair
879,42.507,-79.9,2023-05-09,15.633333333333333,10.676666666666668,8.7,5.466666666666666,5.57,8.201666666666666,94.45,Good
879,42.507,-79.9,2024-04-20,15.887500000000001,10.043194232952647,13.90872,1.4,0.96,8.262768674136321,94.86,Good
879,42.507,-79.9,2024-08-12,15.916666666666666,8.195,13.90872,0.8,0.59,8.088333333333333,90.41,Good
880,41.936,-81.654,2022-05-19,14.200872619433447,10.043194232952647,13.90872,0.8,0.8201206434316353,8.262768674136321,94.92,Good
880,41.936,-81.654,2022-08-18,15.0,5.62,24.0,1.5,0.37,7.94,50.34,Fair
880,41.936,-81.654,2023-05-18,15.26,10.862,11.0,2.05,1.13,8.18,94.8,Good
880,41.936,-81.654,2024-08-13,14.9,5.085,27.0,0.8,0.43,8.1725,24.79,Poor
881,41.969,-83.208,2022-08-20,18.7,9.79,24.1,2.73,1.46,8.73,55.58,Fair
881,41.969,-83.208,2023-05-15,13.7,10.375,15.0,1.95,0.76,8.395,94.81,Good
881,41.969,-83.208,2024-08-14,18.95,9.475,23.5,3.6,1.69,8.684999999999999,60.66,Fair
882,41.766,-83.31,2022-08-20,18.65,9.26,24.5,19.6,12.3,9.335,50.15,Fair
882,41.766,-83.31,2023-05-16,25.7,10.29,15.5,12.850000000000001,9.75,8.64,93.72,Good
882,41.766,-83.31,2024-08-14,18.1,9.809999999999999,24.0,8.8,4.1,9.03,56.19,Fair
885,41.519,-82.641,2022-08-19,15.6,8.065,24.5,3.5,1.55,8.420000000000002,49.4,Poor
885,41.519,-82.641,2023-05-16,16.533333333333335,9.723333333333334,13.3,6.1,5.73,8.336666666666666,93.7,Good
885,41.519,-82.641,2024-08-13,14.933333333333332,8.396666666666667,24.5,6.5,3.98,8.486666666666666,49.69,Poor
886,42.538,-79.617,2022-08-16,16.2,8.43,24.0,0.43,0.24,8.49,54.62,Fair
886,42.538,-79.617,2023-05-09,15.9,11.49,8.0,1.3,0.37,8.37,94.87,Good
886,42.538,-79.617,2024-04-20,15.9,10.043194232952647,13.90872,1.0,0.59,8.262768674136321,94.9,Good
886,42.538,-79.617,2024-08-19,16.0,8.32,22.5,1.2,0.32,8.5,68.01,Fair
887,42.647,-79.692,2024-08-12,15.966666666666669,8.29,23.0,0.7,0.29,8.066666666666666,63.46,Fair
888,42.281,-81.671,2022-08-18,15.080000000000002,5.614,24.5,1.4,0.39,7.85,46.14,Poor
888,42.281,-81.671,2023-05-19,15.033333333333333,10.653333333333334,10.5,-0.8,0.86,8.229999999999999,95.08,Excellent
888,42.281,-81.671,2024-04-18,14.575,10.043194232952647,6.25,2.5,1.66,8.262768674136321,94.75,Good
888,42.281,-81.671,2024-08-23,14.76,3.2380000000000004,22.5,1.8,0.6,7.692,58.44,Fair
889,42.11,-81.575,2022-08-18,15.3,8.34,24.5,1.38,0.47,8.52,49.89,Poor
889,42.11,-81.575,2023-05-18,15.5,11.37,10.5,2.2,1.16,8.42,94.78,Good
889,42.11,-81.575,2024-04-18,14.4,10.043194232952647,6.06,2.4,1.64,8.262768674136321,94.76,Good
909,43.281,-79.873,2022-04-27,123.0,11.09,8.5,3.6,1.61,8.4,94.64,Good
909,43.281,-79.873,2023-04-18,121.0,10.46,7.5,3.1,1.74,8.14,94.69,Good
918,43.286,-79.794,2022-04-27,122.0,11.06,9.0,3.6,1.3,8.3,94.64,Good
918,43.286,-79.794,2023-04-18,118.0,10.83,8.5,3.7,1.11,8.28,94.63,Good
926,43.305,-79.815,2022-04-27,123.5,10.785,8.5,3.3,1.39,8.364999999999998,94.67,Good
926,43.305,-79.815,2023-04-11,14.200872619433447,10.043194232952647,13.90872,3.0,0.8201206434316353,8.262768674136321,94.7,Good
926,43.305,-79.815,2023-04-18,120.5,10.895,8.5,3.1,1.74,8.25,94.69,Good
931,42.849,-78.941,2022-08-15,16.65,8.26,23.9,0.8,0.32,8.370000000000001,55.25,Fair
931,42.849,-78.941,2023-05-08,16.200000000000003,10.64,9.0,3.6,1.33,8.235,94.64,Good
931,42.849,-78.941,2024-08-12,17.3,8.225,25.0,1.7,0.54,8.379999999999999,45.2,Poor
932,42.791,-79.208,2022-08-15,16.0,8.52,23.8,0.6,0.24,8.49,56.57,Fair
932,42.791,-79.208,2023-05-08,15.9,10.68,9.0,2.2,1.15,8.36,94.78,Good
932,42.791,-79.208,2024-08-12,17.5,8.47,24.0,0.9,0.25,8.43,54.65,Fair
933,42.825,-79.567,2022-08-15,18.25,7.96,23.5,0.5,0.32,8.34,58.4,Fair
933,42.825,-79.567,2023-05-09,18.25,10.225000000000001,10.0,1.1,1.04,8.265,94.89,Good
933,42.825,-79.567,2024-08-20,15.85,8.18,22.0,1.8,0.53,8.365,72.22,Fair
934,42.708,-79.508,2022-08-16,15.9,8.64,24.0,0.8,0.23,8.53,54.91,Fair
934,42.708,-79.508,2023-05-09,16.2,11.02,9.0,1.7,0.96,8.35,94.83,Good
934,42.708,-79.508,2024-08-20,15.9,8.34,22.5,1.5,0.49,8.16,68.03,Fair
935,42.591,-79.466,2022-08-16,16.02,8.702,23.5,0.5,0.25,8.092,59.61,Fair
935,42.591,-79.466,2023-05-09,15.9,10.8575,8.5,0.9,0.39,8.265,94.91,Good
935,42.591,-79.466,2024-08-19,15.88,8.108,22.5,1.1,0.31,8.1,67.62,Fair
936,42.475,-79.409,2022-08-16,16.0,8.2,24.0,1.15,0.53,8.46,54.23,Fair
936,42.475,-79.409,2023-05-09,16.5,10.69,8.5,2.1,1.25,8.27,94.79,Good
936,42.475,-79.409,2024-08-19,15.5,8.28,23.0,1.7,0.59,8.48,63.37,Fair
937,42.717,-80.25,2022-08-16,16.15,8.625,23.0,0.8,0.34,8.44,64.04,Fair
937,42.717,-80.25,2023-05-11,15.8,10.975,10.5,0.5,0.49,8.344999999999999,94.95,Good
937,42.717,-80.25,2024-08-22,15.350000000000001,8.85,20.5,2.0,0.71,8.504999999999999,87.33,Good
938,42.634,-80.059,2022-08-16,16.2,8.52,23.5,0.65,0.29,8.44,59.3,Fair
938,42.634,-80.059,2023-05-11,15.8,11.45,9.0,2.7,2.21,8.34,94.73,Good
938,42.634,-80.059,2024-08-22,15.3,8.52,21.0,-8.3,0.62,8.34,82.92,Good
939,42.567,-79.917,2022-08-16,16.0,8.51,24.0,0.7,0.23,8.47,54.72,Fair
939,42.567,-79.917,2023-05-19,16.1,11.61,8.7,4.5,0.42,8.37,94.55,Good
939,42.567,-79.917,2024-08-22,15.3,8.6,21.5,1.9,0.54,8.44,77.61,Good
940,42.442,-79.833,2022-08-16,15.2,8.51,24.0,0.65,0.34,8.5,54.73,Fair
940,42.442,-79.833,2023-05-09,15.9,11.34,13.90872,0.8,0.35,8.32,94.92,Good
940,42.442,-79.833,2024-04-19,15.9,10.043194232952647,4.55,0.7,0.42,8.262768674136321,94.93,Good
940,42.442,-79.833,2024-08-22,15.9,8.52,22.0,1.1,0.27,8.5,72.95,Fair
941,42.325,-79.833,2022-08-16,16.0,8.23,24.0,0.85,0.48,8.43,54.29,Fair
941,42.325,-79.833,2023-05-09,17.0,11.17,10.0,2.2,1.26,8.39,94.78,Good
941,42.325,-79.833,2024-08-22,15.8,8.59,22.0,1.0,0.31,8.45,73.1,Fair
942,42.259,-79.833,2022-08-16,15.933333333333332,8.223333333333334,24.5,0.96,0.47,8.413333333333334,49.75,Poor
942,42.259,-79.833,2023-05-09,16.566666666666666,10.383333333333333,10.0,2.4,1.96,8.216666666666667,94.76,Good
942,42.259,-79.833,2024-08-22,15.3,8.45,22.0,1.8,0.54,8.385,72.76,Fair
943,42.575,-80.642,2022-08-17,14.9,8.57,23.8,3.6,1.9,8.59,56.46,Fair
943,42.575,-80.642,2023-05-09,14.95,10.38,10.5,9.7,11.149999999999999,8.24,94.03,Good
943,42.575,-80.642,2024-08-22,14.6,8.06,21.0,2.6,1.22,8.38,80.9,Good
944,42.533,-80.642,2022-08-17,14.866666666666667,8.513333333333334,23.8,1.3,0.5,8.583333333333334,56.52,Fair
944,42.533,-80.642,2023-05-09,14.75,10.434999999999999,10.0,8.8,8.71,8.2325,94.12,Good
944,42.533,-80.642,2024-08-22,14.75,4.45,21.0,1.9,0.56,7.918000000000001,72.84,Fair
945,42.4,-80.642,2022-08-17,14.7,8.37,23.0,1.05,0.44,8.43,63.57,Fair
945,42.4,-80.642,2023-05-10,15.5,11.37,8.4,2.8,1.71,8.33,94.72,Good
945,42.4,-80.642,2024-08-22,14.4,8.55,22.0,1.6,0.8201206434316353,8.53,72.97,Fair
946,42.167,-80.642,2022-08-17,14.98,5.678,23.5,1.12,0.54,7.901999999999999,54.65,Fair
946,42.167,-80.642,2023-05-10,13.866666666666667,10.5,10.0,3.2,1.9,8.286666666666667,94.68,Good
946,42.167,-80.642,2024-08-13,15.049999999999999,6.1883333333333335,22.5,0.9,0.45,8.209999999999999,64.04,Fair
947,41.992,-80.642,2022-08-17,15.1,8.52,23.8,0.9,0.32,8.52,56.55,Fair
947,41.992,-80.642,2023-05-11,15.7,10.83,11.0,3.2,1.81,8.35,94.68,Good
947,41.992,-80.642,2024-08-22,15.6,8.85,22.5,2.1,0.48,8.39,68.94,Fair
948,41.957,-80.642,2022-08-17,15.7,8.42,24.0,1.9,0.95,8.33,54.52,Fair
948,41.957,-80.642,2023-05-11,17.0,10.52,10.0,3.3,2.61,8.27,94.67,Good
948,41.957,-80.642,2024-08-22,16.0,8.99,23.0,1.6,0.58,8.47,64.62,Fair
949,42.25,-81.108,2022-08-17,14.959999999999999,5.83,23.5,1.0,0.41,7.996,54.91,Fair
949,42.25,-81.108,2023-05-11,15.1,10.913333333333332,10.0,2.6,1.77,8.326666666666666,94.74,Good
949,42.25,-81.108,2024-04-19,16.1,10.043194232952647,6.11,5.0,3.13,8.262768674136321,94.5,Good
950,42.588,-81.442,2022-08-17,15.0,8.53,23.0,4.08,1.6,8.53,63.64,Fair
950,42.588,-81.442,2023-05-11,14.7,11.03,13.90872,3.0,3.12,8.38,94.7,Good
951,42.475,-81.442,2022-08-17,14.775,4.9925,23.0,1.6,0.77,7.907500000000001,57.62,Fair
951,42.475,-81.442,2023-05-12,14.666666666666666,10.986666666666666,11.0,2.0,1.4,8.296666666666667,94.8,Good
952,42.358,-81.442,2022-08-18,14.8,8.71,22.5,1.9,0.58,8.5,68.69,Fair
952,42.358,-81.442,2023-05-12,15.0,11.79,10.0,3.0,1.92,8.5,94.7,Good
953,42.208,-81.442,2022-08-18,15.3,8.72,24.0,1.28,0.43,8.58,55.0,Fair
953,42.208,-81.442,2023-05-12,14.2,11.72,11.5,2.7,1.87,8.45,94.73,Good
953,42.208,-81.442,2024-08-23,14.7,8.69,22.0,2.0,0.61,8.52,73.22,Fair
954,42.025,-81.442,2022-08-18,15.1,8.61,24.5,0.88,0.34,8.55,50.29,Fair
954,42.025,-81.442,2023-05-18,15.1,11.49,11.0,1.9,0.91,8.45,94.81,Good
954,42.025,-81.442,2024-08-15,14.4,9.01,24.0,1.5,0.34,8.65,55.42,Fair
955,41.8,-81.442,2022-08-18,15.4,8.67,23.9,1.4,0.54,8.56,55.84,Fair
955,41.8,-81.442,2023-05-18,14.8,10.71,10.5,1.9,1.16,8.24,94.81,Good
955,41.8,-81.442,2024-08-15,14.7,9.14,24.0,2.8,0.35,8.61,55.54,Fair
956,41.692,-81.442,2022-08-18,19.2,8.61,24.7,2.8,1.09,8.56,48.36,Poor
956,41.692,-81.442,2023-05-18,14.5,10.12,10.0,3.9,2.23,8.02,94.61,Good
956,41.692,-81.442,2024-08-15,16.6,9.35,24.0,3.8,0.78,8.63,55.8,Fair
957,41.683,-81.742,2022-08-18,15.0,8.76,25.0,1.35,0.43,8.61,45.88,Poor
957,41.683,-81.742,2023-05-18,15.6,10.86,13.90872,2.1,1.21,8.36,94.79,Good
957,41.683,-81.742,2024-08-15,14.8,8.73,24.0,1.4,0.4,8.64,55.01,Fair
958,41.525,-81.708,2022-08-18,19.4,8.445,24.6,2.5,0.85,8.51,49.07,Poor
958,41.525,-81.708,2023-05-18,19.05,10.425,11.0,5.6,3.7,8.26,94.44,Good
958,41.525,-81.708,2024-08-15,16.85,8.04,23.5,2.6,0.82,8.33,58.4,Fair
959,42.195,-82.183,2022-08-18,15.3,9.23,24.0,2.67,1.1,8.72,55.68,Fair
959,42.195,-82.183,2023-05-17,14.6,10.66,10.0,1.6,0.96,8.21,94.84,Good
959,42.195,-82.183,2024-08-16,13.7,9.82,24.5,3.4,0.85,8.77,51.82,Fair
960,42.1,-82.183,2022-08-18,15.26,5.0280000000000005,24.0,1.7,0.84,7.8759999999999994,49.44,Poor
960,42.1,-82.183,2023-05-17,14.800000000000002,10.633333333333333,10.0,1.6,0.77,8.236666666666666,94.84,Good
960,42.1,-82.183,2024-08-16,14.38,5.902,24.0,2.2,0.51,8.094,50.72,Fair
961,41.908,-82.183,2022-08-19,15.5,5.83,24.3,1.8,0.66,7.83,48.11,Poor
961,41.908,-82.183,2023-05-17,14.9,11.19,10.5,1.7,0.54,8.34,94.83,Good
961,41.908,-82.183,2024-08-16,15.3,9.0,24.0,2.6,0.67,8.62,55.34,Fair
962,41.717,-82.183,2022-08-19,15.3,7.72,24.5,1.0,0.49,8.36,49.06,Poor
962,41.717,-82.183,2023-05-17,14.8,10.48,12.5,1.9,1.39,8.37,94.81,Good
962,41.717,-82.183,2024-08-13,15.0,7.61,24.0,2.2,1.68,8.38,53.28,Fair
963,41.575,-82.183,2022-08-19,15.666666666666666,5.776666666666667,24.0,1.4,0.65,8.03,50.58,Fair
963,41.575,-82.183,2023-05-18,15.466666666666667,10.043333333333333,12.0,3.3,2.25,8.253333333333334,94.67,Good
963,41.575,-82.183,2024-08-15,15.5,8.375,24.0,3.6,1.19,8.43,54.35,Fair
964,41.483,-82.183,2022-08-19,16.7,8.42,24.0,1.94,0.93,8.47,54.51,Fair
964,41.483,-82.183,2023-05-18,19.1,10.61,13.0,11.1,8.74,8.44,93.89,Good
964,41.483,-82.183,2024-08-15,16.1,7.92,24.0,3.8,1.75,8.16,53.65,Fair
965,41.5,-82.5,2022-08-19,15.7,8.78,24.0,2.1,1.01,8.58,55.04,Fair
965,41.5,-82.5,2023-05-16,20.9,11.26,13.0,6.5,4.63,8.65,94.35,Good
965,41.5,-82.5,2024-08-13,14.7,9.045,24.8,3.4000000000000004,2.56,8.600000000000001,47.98,Poor
966,41.983,-82.625,2022-08-19,10.8,8.6,24.5,3.38,1.88,8.76,50.14,Fair
966,41.983,-82.625,2023-05-17,15.0,10.21,13.0,2.6,1.54,8.31,94.74,Good
966,41.983,-82.625,2024-08-15,11.1,9.13,25.0,2.6,1.29,8.75,46.28,Poor
967,41.892,-82.667,2022-08-19,11.3,8.54,24.6,2.38,1.0,8.53,49.2,Poor
967,41.892,-82.667,2023-05-17,14.0,10.03,12.5,3.9,2.79,8.26,94.61,Good
967,41.892,-82.667,2024-04-17,15.7,10.043194232952647,8.41,14.3,10.3,8.262768674136321,93.57,Good
967,41.892,-82.667,2024-08-15,12.7,8.5,25.0,4.4,2.23,8.82,45.41,Poor
968,41.742,-82.733,2022-08-19,15.0,8.81,24.4,2.38,1.35,8.61,51.4,Fair
968,41.742,-82.733,2023-05-17,13.8,10.02,13.0,1.9,1.92,8.15,94.81,Good
968,41.742,-82.733,2024-08-15,13.7,9.36,25.0,4.2,1.76,8.72,46.49,Poor
969,41.608,-82.925,2022-08-19,15.149999999999999,8.989999999999998,25.5,5.35,3.14,8.77,41.37,Poor
969,41.608,-82.925,2023-05-16,19.2,10.845,13.90872,9.35,7.55,8.620000000000001,94.06,Good
969,41.608,-82.925,2024-08-14,15.4,9.53,24.0,9.6,8.17,8.74,55.72,Fair
970,41.825,-82.975,2022-05-19,14.200872619433447,10.043194232952647,13.90872,2.5,0.8201206434316353,8.262768674136321,94.75,Good
970,41.825,-82.975,2022-08-19,14.433333333333332,9.676666666666668,25.1,7.8,4.045,9.146666666666667,45.77,Poor
970,41.825,-82.975,2023-05-17,10.1,10.195,12.8,7.0,5.79,8.21,94.3,Good
970,41.825,-82.975,2024-06-21,14.200872619433447,10.043194232952647,13.90872,0.9,0.8201206434316353,8.262768674136321,94.91,Good
970,41.825,-82.975,2024-08-14,10.65,9.105,24.0,3.0,1.39,8.780000000000001,55.48,Fair
971,41.95,-83.05,2022-08-20,9.99,8.81,24.0,3.4,1.68,8.64,55.01,Fair
971,41.95,-83.05,2023-05-16,14.0,10.1,14.0,5.8,4.53,8.39,94.42,Good
971,41.95,-83.05,2024-04-17,8.84,10.043194232952647,9.31,22.3,8.03,8.262768674136321,92.77,Good
971,41.95,-83.05,2024-08-14,11.5,8.75,23.0,3.4,1.94,8.62,64.07,Fair
972,41.867,-83.2,2022-08-20,14.1,9.74,24.1,3.83,1.49,8.86,55.44,Fair
972,41.867,-83.2,2023-05-16,12.7,10.22,14.0,2.9,2.2,8.32,94.71,Good
972,41.867,-83.2,2024-04-17,20.333333333333332,10.043194232952647,10.75,21.2,10.6,8.262768674136321,92.88,Good
972,41.867,-83.2,2024-08-14,10.8,8.65,24.0,3.0,1.51,8.61,54.8,Fair
974,41.725,-83.15,2022-08-20,11.5,8.23,24.5,6.33,3.73,8.87,49.47,Poor
974,41.725,-83.15,2023-05-16,26.3,11.3,14.5,16.8,14.600000000000001,8.825,93.32,Good
974,41.725,-83.15,2024-04-17,10.4,10.043194232952647,10.19,18.7,14.2,8.262768674136321,93.13,Good
974,41.725,-83.15,2024-08-14,20.3,8.62,24.0,13.3,13.9,8.73,54.13,Fair
1001,43.287,-79.843,2022-04-27,123.0,11.24,8.0,2.9,1.2,8.37,94.71,Good
1001,43.287,-79.843,2023-04-18,119.0,10.74,9.0,3.4,1.91,8.24,94.66,Good
1163,41.469,-82.714,2023-05-16,21.35,9.985,17.0,16.0,14.2,8.75,93.36,Good
1163,41.469,-82.714,2024-08-14,19.9,8.49,24.0,11.3,5.6,8.52,54.06,Fair
1236,42.811,-79.565,2022-08-15,16.0,8.58,24.0,0.53,0.24,8.51,54.84,Fair
1236,42.811,-79.565,2023-05-09,16.4,10.34,9.5,1.0,0.73,8.25,94.9,Good
1236,42.811,-79.565,2024-08-20,15.6,8.43,22.2,1.3,0.48,8.4,70.94,Fair
1237,42.766,-79.556,2022-08-16,16.0,8.63,24.0,0.6,0.24,8.5,54.91,Fair
1237,42.766,-79.556,2023-05-09,16.3,11.33,9.0,1.8,0.97,8.39,94.82,Good
1237,42.766,-79.556,2024-08-20,15.6,8.49,22.7,1.3,0.43,8.44,66.5,Fair
1533,42.68,-79.6917,2022-08-16,16.080000000000002,7.862,24.1,0.56,0.26,8.1,52.86,Fair
1533,42.68,-79.6917,2023-05-11,15.75,11.282499999999999,9.0,1.3,0.47,8.35,94.87,Good
1533,42.68,-79.6917,2024-04-20,16.866666666666664,10.043194232952647,5.18,1.3,0.79,8.262768674136321,94.87,Good
1534,42.43,-81.205,2022-08-17,14.200872619433447,10.043194232952647,23.5,1.38635046113307,0.8201206434316353,8.262768674136321,61.66,Fair
1534,42.43,-81.205,2023-05-11,14.9,11.75,10.0,3.1,2.41,8.48,94.69,Good
1534,42.43,-81.205,2024-04-19,14.5,10.043194232952647,6.13,2.9,2.02,8.262768674136321,94.71,Good
1535,42.0817,-81.0117,2022-08-17,14.200872619433447,10.043194232952647,23.5,1.38635046113307,0.8201206434316353,8.262768674136321,61.66,Fair
1535,42.0817,-81.0117,2023-05-11,13.8,10.87,9.4,3.2,2.13,8.43,94.68,Good
1535,42.0817,-81.0117,2024-04-19,14.4,10.043194232952647,6.35,1.7,1.53,8.262768674136321,94.83,Good
1535,42.0817,-81.0117,2024-08-13,14.6,8.68,23.0,1.3,0.56,8.6,64.1,Fair
1536,41.935,-81.4783,2022-08-18,14.200872619433447,10.043194232952647,24.5,1.38635046113307,0.8201206434316353,8.262768674136321,52.17,Fair
1536,41.935,-81.4783,2023-05-18,15.0,11.21,11.5,2.1,0.91,8.44,94.79,Good
1536,41.935,-81.4783,2024-04-18,15.0,10.043194232952647,6.13,2.1,1.43,8.262768674136321,94.79,Good
1536,41.935,-81.4783,2024-08-15,14.4,8.45,24.5,2.0,0.52,8.62,50.01,Fair
1537,41.965,-82.0417,2022-08-18,14.200872619433447,10.043194232952647,25.0,1.38635046113307,0.8201206434316353,8.262768674136321,47.43,Poor
1537,41.965,-82.0417,2023-05-17,15.0,11.25,13.90872,2.0,0.89,8.34,94.8,Good
1537,41.965,-82.0417,2024-04-18,14.4,10.043194232952647,6.09,3.2,1.41,8.262768674136321,94.68,Good
1537,41.965,-82.0417,2024-08-16,14.9,8.67,24.0,1.8,0.36,8.55,54.9,Fair
1538,41.7883,-81.945,2022-08-18,14.200872619433447,10.043194232952647,24.6,1.38635046113307,0.8201206434316353,8.262768674136321,51.23,Fair
1538,41.7883,-81.945,2023-05-17,15.3,11.24,12.0,3.4,2.06,8.59,94.66,Good
1538,41.7883,-81.945,2024-04-18,15.0,10.043194232952647,6.0,2.2,1.34,8.262768674136321,94.78,Good
1538,41.7883,-81.945,2024-08-15,14.8,7.76,24.5,1.9,0.46,8.17,49.07,Poor
1539,41.685,-82.9333,2022-08-19,14.200872619433447,10.043194232952647,25.0,1.38635046113307,0.8201206434316353,8.262768674136321,47.43,Poor
1539,41.685,-82.9333,2023-05-16,14.25,10.559999999999999,13.2,5.9,3.9400000000000004,8.620000000000001,94.41,Good
1539,41.685,-82.9333,2024-04-17,12.6,10.043194232952647,9.63,17.4,12.2,8.262768674136321,93.26,Good
1539,41.685,-82.9333,2024-08-14,14.4,9.4,24.0,8.4,4.31,8.91,55.6,Fair
1540,41.9778,-81.7569,2022-08-18,14.200872619433447,10.043194232952647,24.5,1.38635046113307,0.8201206434316353,8.262768674136321,52.17,Fair
1540,41.9778,-81.7569,2023-05-18,15.2,11.14,11.5,1.9,0.82,8.4,94.81,Good
1540,41.9778,-81.7569,2024-04-18,14.6,10.043194232952647,6.29,2.0,1.46,8.262768674136321,94.8,Good
1540,41.9778,-81.7569,2024-08-16,14.8,9.57,24.0,2.3,0.48,8.54,56.22,Fair
1541,42.1167,-81.25,2022-08-17,14.200872619433447,10.043194232952647,23.5,1.38635046113307,0.8201206434316353,8.262768674136321,61.66,Fair
1541,42.1167,-81.25,2023-05-18,14.6,11.36,13.90872,2.5,1.45,8.37,94.75,Good
1541,42.1167,-81.25,2024-04-19,15.2,10.043194232952647,6.29,3.1,2.38,8.262768674136321,94.69,Good
1541,42.1167,-81.25,2024-08-22,14.8,8.28,22.5,1.6,0.75,8.45,67.91,Fair
1542,41.8408,-82.9167,2022-08-19,14.200872619433447,10.043194232952647,24.8,1.38635046113307,0.8201206434316353,8.262768674136321,49.33,Poor
1542,41.8408,-82.9167,2024-04-17,11.233333333333334,10.043194232952647,8.67,14.7,12.3,8.262768674136321,93.53,Good
1614,45.2725,-81.6369,2022-06-06,7.395,10.87,7.5,0.1,0.11,8.0625,94.99,Good
1614,45.2725,-81.6369,2022-09-14,7.45,9.8025,19.5,0.2,0.16,8.2,94.49,Good
1614,45.2725,-81.6369,2024-09-09,7.656666666666666,9.91,17.0,0.6,0.19,8.128333333333332,94.72,Good
